  	      MAE	    RMSE	      R2	  Command	  Mean_time	  Std_time	  Median_time	  25_perc	  75_perc
 0	0.0509549	0.157042	0.910267	 0.166894	    7.40322	   56.0155	      3.29328	     2.85	  3.78573