  	      MAE	    RMSE	      R2	  Command	  Mean_time	  Std_time	  Median_time	  25_perc	  75_perc
 0	0.0539038	0.160145	0.893394	 0.160809	   0.697956	 0.0848447	     0.683784	 0.653207	 0.726461