  	      MAE	    RMSE	      R2	  Command	  Mean_time	  Std_time	  Median_time	  25_perc	  75_perc
 0	0.0456429	0.156401	0.910998	 0.166877	    6.52804	   45.4465	      3.26717	  2.72822	  3.82638