  	      MAE	    RMSE	      R2	  Command	  Mean_time	  Std_time	  Median_time	  25_perc	  75_perc
 0	0.0485392	0.154793	0.912819	 0.165688	     0.2775	 0.0652206	     0.259161	 0.251532	  0.27132